{
	"description": "项目配置文件",
	"packOptions": {
		"ignore": []
	},
	"setting": {
		"urlCheck": false,
		"es6": true,
		"postcss": true,
		"preloadBackgroundData": false,
		"minified": true,
		"newFeature": true,
		"coverView": true,
		"nodeModules": false,
		"autoAudits": false,
		"showShadowRootInWxmlPanel": true,
		"scopeDataCheck": false,
		"uglifyFileName": true,
		"checkInvalidKey": true,
		"checkSiteMap": false,
		"uploadWithSourceMap": true,
		"babelSetting": {
			"ignore": [],
			"disablePlugins": [],
			"outputPath": ""
		},
		"bundle": true,
		"useCompilerModule": true,
		"userConfirmedUseCompilerModuleSwitch": false
	},
	"compileType": "miniprogram",
	"libVersion": "2.11.0",
	"appid": "wx32aca1d04c1f4339",
	"projectname": "aegean-wxapp",
	"miniprogramRoot": "dist/",
	"cloudfunctionTemplateRoot": "",
	"debugOptions": {
		"hidedInDevtools": []
	},
	"scripts": {},
	"simulatorType": "wechat",
	"simulatorPluginLibVersion": {},
	"condition": {
		"search": {
			"current": -1,
			"list": []
		},
		"conversation": {
			"current": -1,
			"list": []
		},
		"plugin": {
			"current": -1,
			"list": []
		},
		"game": {
			"list": []
		},
		"gamePlugin": {
			"current": -1,
			"list": []
		},
		"miniprogram": {
			"current": -1,
			"list": [
				{
					"id": -1,
					"name": "home",
					"pathName": "pages/home",
					"query": "",
					"scene": null
				},
				{
					"id": 1,
					"name": "pages/bigScreenGames/shapon",
					"pathName": "pages/listOfActivities/submitSignUp",
					"query": "id=43",
					"scene": null
				},
				{
					"id": 3,
					"name": "pages/luckyLottery/share",
					"pathName": "pages/luckyLottery/share",
					"query": "",
					"scene": null
				},
				{
					"id": 6,
					"name": "手势抽奖",
					"pathName": "pages/bigScreenGames/gesture-draw",
					"query": "roundId=233",
					"scene": null
				},
				{
					"id": 21,
					"name": "大屏互动游戏",
					"pathName": "pages/bigScreenGames/parkour",
					"query": "roundId=1",
					"scene": null
				},
				{
					"id": -1,
					"name": "pages/luckyLottery/index",
					"pathName": "pages/luckyLottery/index",
					"query": "",
					"scene": null
				},
				{
					"id": 6,
					"name": "pages/bigScreenGames/shapon",
					"pathName": "pages/bigScreenGames/shapon",
					"query": "roundId=3938",
					"scene": null
				},
				{
					"id": 7,
					"name": "pages/bigScreenGames/download-photo",
					"pathName": "pages/bigScreenGames/download-photo",
					"query": "roundId=3910",
					"scene": null
				},
				{
					"id": -1,
					"name": "pages/bigScreenGames/download-photo",
					"pathName": "pages/bigScreenGames/download-photo",
					"query": "roundId=3910",
					"scene": null
				},
				{
					"id": -1,
					"name": "pages/bigScreenGames/download-photo",
					"pathName": "pages/bigScreenGames/index",
					"query": "q=https%3A%2F%2Faegeanpark-stg.aimall.cloud%2Faifun%2Fwxapp%2FdownloadPhoto%3FroundId%3D1419&scancode_time=1577278030",
					"scene": null
				},
				{
					"id": -1,
					"name": "pages/bigScreenGames/download-photo",
					"pathName": "pages/bigScreenGames/index",
					"query": "q=https%3A%2F%2Faegeanpark-stg.aimall.cloud%2Faifun%2Fwxapp%2FdownloadPhoto%3FroundId%3D1419&scancode_time=1577279224",
					"scene": null
				},
				{
					"id": -1,
					"name": "pages/bigScreenGames/index",
					"pathName": "pages/bigScreenGames/index",
					"query": "q=https%3A%2F%2Faegeanpark-stg.aimall.cloud%2Faifun%2Fwxapp%2FdownloadPhoto%3FroundId%3D1419&scancode_time=1577279388",
					"scene": null
				},
				{
					"id": -1,
					"name": "pages/bigScreenGames/download-photo",
					"pathName": "pages/bigScreenGames/index",
					"query": "q=https%3A%2F%2Faegeanpark-stg.aimall.cloud%2Faifun%2Fwxapp%2FsceneTakingPhoto%3FroundId%3D1422&scancode_time=1577282503",
					"scene": null
				},
				{
					"id": 13,
					"name": "confirmOrder",
					"pathName": "pages/confirmOrder",
					"query": "",
					"scene": null
				},
				{
					"id": 14,
					"name": "在线商城",
					"pathName": "pages/integralMall/index",
					"query": "categoryId=",
					"scene": null
				},
				{
					"id": 15,
					"name": "确认订单页面",
					"pathName": "pages/confirmOrder",
					"query": "productId=189&membercode=51007061",
					"scene": null
				},
				{
					"id": 16,
					"name": "订单详情",
					"pathName": "pages/ordermanage/orderdetail",
					"query": "orderNo=559469031982649344",
					"scene": null
				},
				{
					"id": 17,
					"name": "商品详情",
					"pathName": "pages/goodsDetails/index",
					"query": "prodId=76",
					"scene": null
				},
				{
					"id": -1,
					"name": "pages/integralMall/index",
					"pathName": "pages/integralMall/index",
					"query": "",
					"scene": null
				},
				{
					"id": -1,
					"name": "我的",
					"pathName": "pages/mine/index",
					"query": "",
					"scene": null
				},
				{
					"id": -1,
					"name": "添加地址",
					"pathName": "pages/confirmOrder/receiverList",
					"query": "",
					"scene": null
				},
				{
					"id": -1,
					"name": "拍照积分",
					"pathName": "pages/valuePoint/index",
					"query": "",
					"scene": null
				},
				{
					"id": -1,
					"name": "每日签到",
					"pathName": "pages/checkIn/index",
					"query": "",
					"scene": null
				},
				{
					"id": -1,
					"name": "pages/parkPay/index",
					"pathName": "pages/parkPay/index",
					"query": "",
					"scene": null
				},
				{
					"id": -1,
					"name": "pages/parkPay/index",
					"pathName": "pages/parkPay/index",
					"query": "",
					"scene": null
				},
				{
					"id": -1,
					"name": "pages/mine/collect",
					"pathName": "pages/mine/collect",
					"query": "",
					"scene": null
				},
				{
					"id": -1,
					"name": "pages/goodsDetails/index",
					"pathName": "pages/goodsDetails/index",
					"query": "prodId=1",
					"scene": null
				},
				{
					"id": 27,
					"name": "pages/goodsDetails/index",
					"pathName": "pages/goodsDetails/index",
					"query": "prodId=2",
					"scene": null
				},
				{
					"id": 28,
					"name": "pages/confirmOrder/cartDetail",
					"pathName": "confirmOrder/cartDetail",
					"query": "list=%5B%7B%22mallCode%22%3A%22JZGCFSA%22%2C%22mallName%22%3A%22%22%2C%22memberCode%22%3A%2251001330%22%2C%22shopCode%22%3A%221%22%2C%22shopName%22%3A%22%E5%B0%8F%E9%92%B1%E6%B5%8B%E8%AF%95%22%2C%22activityName%22%3Anull%2C%22startTime%22%3Anull%2C%22endTime%22%3Anull%2C%22goods%22%3A%5B%7B%22id%22%3A396%2C%22goodsId%22%3A2%2C%22goodsSku%22%3A%22583233318951518211%22%2C%22skuImageUrl%22%3Anull%2C%22goodsNum%22%3A2%2C%22prodName%22%3A%22%E9%98%BF%E8%BF%AA%E6%96%AF11%22%2C%22distributeWay%22%3A1%2C%22specsValue%22%3A%22170%2F%E7%99%BD%E8%89%B2%2C13%22%2C%22price%22%3A100%2C%22status%22%3A1%2C%22checked%22%3Atrue%2C%22goodsDisabled%22%3Afalse%7D%2C%7B%22id%22%3A397%2C%22goodsId%22%3A2%2C%22goodsSku%22%3A%22583233318951518210%22%2C%22skuImageUrl%22%3Anull%2C%22goodsNum%22%3A2%2C%22prodName%22%3A%22%E9%98%BF%E8%BF%AA%E6%96%AF11%22%2C%22distributeWay%22%3A1%2C%22specsValue%22%3A%22170%2F%E7%99%BD%E8%89%B2%2C12%22%2C%22price%22%3A100%2C%22status%22%3A1%2C%22checked%22%3Atrue%2C%22goodsDisabled%22%3Afalse%7D%5D%2C%22checkAll%22%3Atrue%2C%22shopDisabled%22%3Afalse%7D%5D",
					"scene": null
				},
				{
					"id": -1,
					"name": "pages/home",
					"pathName": "disCoupon/index",
					"scene": null
				},
				{
					"id": -1,
					"name": "confirmOrder/cartDetail",
					"pathName": "confirmOrder/cartDetail",
					"query": "list=[{\"mallCode\":\"JZGCFSA\",\"mallName\":\"\",\"memberCode\":\"51001330\",\"shopCode\":\"1\",\"shopName\":\"小钱测试\",\"activityName\":null,\"startTime\":null,\"endTime\":null,\"goods\":[{\"id\":396,\"goodsId\":2,\"goodsSku\":\"583233318951518211\",\"skuImageUrl\":null,\"goodsNum\":2,\"prodName\":\"阿迪斯11\",\"distributeWay\":1,\"specsValue\":\"170/白色,13\",\"price\":100,\"status\":2,\"checked\":true,\"goodsDisabled\":false},{\"id\":397,\"goodsId\":2,\"goodsSku\":\"583233318951518210\",\"skuImageUrl\":null,\"goodsNum\":2,\"prodName\":\"阿迪斯11\",\"distributeWay\":1,\"specsValue\":\"170/白色,12\",\"price\":100,\"status\":2,\"checked\":true,\"goodsDisabled\":false}],\"checkAll\":true,\"shopDisabled\":false}]",
					"scene": null
				}
			]
		}
	}
}